Date,Close,Actual,Predicted,Probability
2022-04-08,424.680419921875,0,0,0.28334835
2022-04-11,417.421630859375,0,0,0.2696554
2022-04-12,415.875,1,0,0.26121044
2022-04-13,420.6382751464844,0,0,0.35313833
2022-04-14,415.400634765625,1,1,0.6646708
2022-04-18,415.5713806152344,1,0,0.3190657
2022-04-19,422.27978515625,0,0,0.21266495
2022-04-20,421.9666442871094,0,0,0.57642996
2022-04-21,415.6567077636719,0,0,0.3940395
2022-04-22,404.2514343261719,1,1,0.6202882
2022-04-25,406.5951232910156,0,1,0.6609929
2022-04-26,394.81982421875,1,0,0.5331759
2022-04-27,395.92999267578125,1,0,0.15189427
2022-04-28,405.9309387207031,0,0,0.4109639
2022-04-29,390.9295349121094,1,0,0.29688072
2022-05-02,393.28265380859375,1,0,0.32603696
2022-05-03,395.0854797363281,1,0,0.5878055
2022-05-04,407.116943359375,0,1,0.8813831
2022-05-05,392.64691162109375,0,1,0.7049146
2022-05-06,390.3032531738281,0,1,0.9643744
2022-05-09,377.8068542480469,1,1,0.770934
2022-05-10,378.67974853515625,0,0,0.5944445
2022-05-11,372.66400146484375,0,1,0.7430367
2022-05-12,372.2749328613281,1,0,0.5131506
2022-05-13,381.17523193359375,0,1,0.6076092
2022-05-16,379.62860107421875,1,1,0.7955312
2022-05-17,387.43768310546875,0,1,0.78607374
2022-05-18,371.81951904296875,0,1,0.6845418
2022-05-19,369.5422668457031,1,1,0.803513
2022-05-20,369.70361328125,1,1,0.67691
2022-05-23,376.6207275390625,0,1,0.73675215
2022-05-24,373.7456970214844,1,0,0.33961442
2022-05-25,377.04766845703125,1,0,0.5248491
2022-05-26,384.58160400390625,1,1,0.60458004
2022-05-27,394.02276611328125,0,1,0.6944136
2022-05-31,391.81195068359375,0,1,0.63047194
2022-06-01,388.6427917480469,1,0,0.5584702
2022-06-02,396.0438537597656,0,1,0.65072393
2022-06-03,389.544189453125,1,1,0.8422233
2022-06-06,390.7302551269531,1,1,0.6810059
2022-06-07,394.4783020019531,0,1,0.71647173
2022-06-08,390.1894226074219,0,1,0.79554904
2022-06-09,380.9095458984375,0,0,0.07472963
2022-06-10,369.8648681640625,0,0,0.17510267
2022-06-13,355.82177734375,0,1,0.6058405
2022-06-14,354.7495422363281,1,1,0.71299994
2022-06-15,359.8069763183594,0,0,0.38693783
2022-06-16,347.89874267578125,1,1,0.6585166
2022-06-17,348.6487731933594,1,0,0.5285557
2022-06-21,357.425537109375,0,1,0.7632796
2022-06-22,356.7774963378906,1,1,0.7344684
2022-06-23,360.27484130859375,1,1,0.85288453
2022-06-24,371.7293701171875,0,1,0.74509305
2022-06-27,370.3094787597656,0,1,0.67806655
2022-06-28,362.7430114746094,0,0,0.55303514
2022-06-29,362.4476318359375,0,1,0.81737506
2022-06-30,359.5028991699219,1,1,0.8480908
2022-07-01,363.30523681640625,1,0,0.19194672
2022-07-05,363.9913330078125,1,0,0.27474624
2022-07-06,365.220703125,1,0,0.32852507
2022-07-07,370.6906433105469,0,1,0.7129712
2022-07-08,370.3857116699219,0,1,0.8463039
2022-07-11,366.15460205078125,0,1,0.604641
2022-07-12,362.9145202636719,0,0,0.53352344
2022-07-13,361.00860595703125,0,0,0.12786873
2022-07-14,360.13189697265625,1,0,0.09221065
2022-07-15,367.01226806640625,0,0,0.17421824
2022-07-18,363.98187255859375,1,0,0.13132533
2022-07-19,373.81634521484375,1,0,0.59876996
2022-07-20,376.19873046875,1,0,0.5402009
2022-07-21,380.0296936035156,0,0,0.33933273
2022-07-22,376.5036926269531,1,1,0.8990138
2022-07-25,376.96112060546875,0,1,0.7067874
2022-07-26,372.5013732910156,1,1,0.85508186
2022-07-27,382.1737976074219,1,1,0.6698554
2022-07-28,386.9671325683594,1,0,0.35282892
2022-07-29,392.608642578125,0,0,0.22017455
2022-08-01,391.4460754394531,0,0,0.23753262
2022-08-02,388.86358642578125,1,0,0.27155203
2022-08-03,394.95294189453125,0,0,0.20792472
2022-08-04,394.6861267089844,0,1,0.65985787
2022-08-05,394.01904296875,0,0,0.4381512
2022-08-08,393.5616149902344,0,0,0.44708002
2022-08-09,391.998779296875,1,0,0.46963358
2022-08-10,400.2322998046875,0,0,0.3742827
2022-08-11,400.2322998046875,1,0,0.21432292
2022-08-12,407.0078430175781,1,0,0.3331547
2022-08-15,408.6849670410156,1,0,0.30154753
2022-08-16,409.485595703125,0,0,0.31808284
2022-08-17,406.5790100097656,1,0,0.17257728
2022-08-18,407.7606506347656,0,0,0.12959486
2022-08-19,402.2811584472656,0,1,0.61012244
2022-08-22,393.90472412109375,0,1,0.79963833
2022-08-23,392.9517517089844,1,0,0.5139863
2022-08-24,394.20965576171875,1,0,0.40206236
2022-08-25,399.7748718261719,0,0,0.33803213
2022-08-26,386.242919921875,0,0,0.5697804
2022-08-29,383.6889953613281,0,0,0.4658921
2022-08-30,379.4768371582031,0,1,0.7099197
2022-08-31,376.5894775390625,1,1,0.6010586
2022-09-01,377.7711486816406,0,0,0.49505022
2022-09-02,373.78778076171875,0,0,0.47605917
2022-09-06,372.3774108886719,1,0,0.5892788
2022-09-07,379.06719970703125,1,1,0.725213
2022-09-08,381.54486083984375,1,1,0.9193698
2022-09-09,387.47222900390625,1,1,0.91930014
2022-09-12,391.6366882324219,0,0,0.4499716
2022-09-13,374.6073303222656,1,1,0.90937
2022-09-14,376.0367431640625,0,1,0.717028
2022-09-15,371.76751708984375,0,1,0.67425865
2022-09-16,368.93133544921875,1,0,0.39914253
2022-09-19,371.7922668457031,0,0,0.27284804
2022-09-20,367.52471923828125,0,0,0.28391656
2022-09-21,361.1137390136719,0,0,0.2880438
2022-09-22,358.08038330078125,0,1,0.6311341
2022-09-23,352.08087158203125,0,1,0.6612876
2022-09-26,348.59783935546875,0,1,0.6922269
2022-09-27,347.70794677734375,1,0,0.42073366
2022-09-28,354.5496826171875,0,1,0.8130911
2022-09-29,347.14337158203125,0,1,0.6342312
2022-09-30,341.7752685546875,1,1,0.6649658
2022-10-03,350.7986145019531,1,1,0.712344
2022-10-04,361.6686706542969,0,1,0.8067789
2022-10-05,360.8265686035156,0,1,0.62110806
2022-10-06,357.1043701171875,0,1,0.62961435
2022-10-07,347.14337158203125,0,1,0.8520327
2022-10-10,344.4928283691406,0,1,0.7772754
2022-10-11,342.3111572265625,0,0,0.52055234
2022-10-12,341.18206787109375,1,0,0.4491284
2022-10-13,350.18621826171875,0,0,0.554401
2022-10-14,342.2059326171875,1,1,0.6298166
2022-10-17,350.99957275390625,1,1,0.68802434
2022-10-18,355.1236572265625,0,1,0.74157923
2022-10-19,352.60711669921875,0,1,0.67878264
2022-10-20,349.6504211425781,1,1,0.74032974
2022-10-21,358.14739990234375,1,1,0.70291966
2022-10-24,362.52984619140625,1,1,0.7609307
2022-10-25,368.3189697265625,0,0,0.3022641
2022-10-26,365.5439453125,0,1,0.6813824
2022-10-27,363.59197998046875,1,0,0.5985589
2022-10-28,372.2420349121094,0,0,0.32663473
2022-10-31,369.5532531738281,0,1,0.6799263
2022-11-01,367.9361877441406,0,1,0.6152982
2022-11-02,358.7023620605469,0,1,0.71937746
2022-11-03,355.00885009765625,1,0,0.31979883
2022-11-04,360.1185607910156,1,0,0.37244567
2022-11-07,363.5633239746094,1,1,0.6642934
2022-11-08,365.5248718261719,0,1,0.6673971
2022-11-09,357.9942321777344,1,0,0.39478925
2022-11-10,377.6675720214844,1,0,0.29343113
2022-11-11,381.32281494140625,0,0,0.2101382
2022-11-14,378.07904052734375,1,0,0.3327702
2022-11-15,381.30364990234375,0,0,0.23107985
2022-11-16,378.3948059082031,0,0,0.32423395
2022-11-17,377.2369689941406,1,0,0.52073705
2022-11-18,378.9498291015625,0,0,0.17758565
2022-11-21,377.57183837890625,1,0,0.5267033
2022-11-22,382.6528625488281,1,0,0.31365144
2022-11-23,385.06414794921875,0,0,0.19023697
2022-11-25,384.97808837890625,0,0,0.2908975
2022-11-28,378.83502197265625,0,0,0.43866137
2022-11-29,378.184326171875,1,1,0.73242635
2022-11-30,390.0972900390625,0,0,0.42889377
2022-12-01,389.81024169921875,0,0,0.2187575
2022-12-02,389.3605651855469,0,0,0.2088561
2022-12-05,382.35626220703125,0,0,0.21792695
2022-12-06,376.8446350097656,0,0,0.55862826
2022-12-07,376.2035217285156,1,0,0.5569249
2022-12-08,379.1506652832031,0,0,0.20985635
2022-12-09,376.3183288574219,1,0,0.421424
2022-12-12,381.74383544921875,1,0,0.22522147
2022-12-13,384.63360595703125,0,0,0.35808587
2022-12-14,382.1744079589844,0,0,0.22967014
2022-12-15,372.8258361816406,0,1,0.77614534
2022-12-16,368.4241027832031,0,1,0.6497893
2022-12-19,365.3000793457031,1,0,0.49473512
2022-12-20,365.7998962402344,1,0,0.30006814
2022-12-21,371.2695617675781,0,0,0.4431856
2022-12-22,365.97296142578125,1,1,0.82230514
2022-12-23,368.078125,0,1,0.8982129
2022-12-27,366.6266174316406,0,1,0.9000386
2022-12-28,362.0702209472656,1,1,0.85764146
2022-12-29,368.5876159667969,0,1,0.763433
2022-12-30,367.61669921875,0,0,0.5159138
2023-01-03,366.069091796875,1,0,0.56621385
2023-01-04,368.8952331542969,0,0,0.31242985
2023-01-05,364.68487548828125,1,0,0.53760535
2023-01-06,373.0478515625,0,1,0.7935508
2023-01-09,372.83636474609375,1,0,0.4091374
2023-01-10,375.4510192871094,1,1,0.6646305
2023-01-11,380.19964599609375,1,1,0.738114
2023-01-12,381.58392333984375,1,1,0.7033467
2023-01-13,383.06427001953125,0,1,0.65562934
2023-01-17,382.362548828125,0,1,0.84448445
2023-01-18,376.3257751464844,0,1,0.757031
2023-01-19,373.5861511230469,1,0,0.2588385
2023-01-20,380.5457458496094,1,1,0.639155
2023-01-23,385.1117248535156,0,1,0.8023661
2023-01-24,384.6983947753906,1,1,0.8346223
2023-01-25,384.8426208496094,1,1,0.70816505
2023-01-26,389.0721740722656,1,0,0.5325978
2023-01-27,389.96612548828125,0,0,0.43667018
2023-01-30,385.0732421875,1,0,0.22104473
2023-01-31,390.73516845703125,1,0,0.18581392
2023-02-01,394.88787841796875,1,0,0.37071785
2023-02-02,400.6361389160156,0,0,0.34777334
2023-02-03,396.37774658203125,0,0,0.5675536
2023-02-06,393.9552917480469,1,0,0.22918592
2023-02-07,399.1077880859375,0,0,0.22711651
2023-02-08,394.7436218261719,0,0,0.40232953
2023-02-09,391.32147216796875,1,0,0.31900698
2023-02-10,392.2347717285156,1,0,0.4518543
2023-02-13,396.83917236328125,0,0,0.20720626
2023-02-14,396.6565246582031,1,1,0.6317972
2023-02-15,397.9446716308594,0,0,0.08213078
2023-02-16,392.4653625488281,0,0,0.24110278
2023-02-17,391.4849548339844,0,0,0.3744745
2023-02-21,383.63140869140625,0,0,0.39814198
2023-02-22,383.10272216796875,1,0,0.2038973
2023-02-23,385.14056396484375,0,0,0.4776545
2023-02-24,381.0263671875,1,0,0.48062116
2023-02-27,382.3240966796875,0,0,0.36950496
2023-02-28,380.9110107421875,0,1,0.8047006
2023-03-01,379.4499206542969,1,1,0.9008528
2023-03-02,382.4009704589844,1,0,0.5928428
2023-03-03,388.5339050292969,1,1,0.87141293
2023-03-06,388.802978515625,0,0,0.59554696
2023-03-07,382.8431701660156,1,1,0.7542493
2023-03-08,383.4679870605469,0,1,0.6940709
2023-03-09,376.39306640625,0,1,0.92527217
2023-03-10,370.9619140625,0,1,0.6668609
2023-03-13,370.4332275390625,1,0,0.45457357
2023-03-14,376.5565185546875,0,1,0.7288773
2023-03-15,374.201416015625,1,0,0.57618475
2023-03-16,380.7668151855469,0,1,0.807743
2023-03-17,376.31463623046875,1,0,0.50365776
2023-03-20,379.9331359863281,1,0,0.27579707
2023-03-21,384.921875,0,0,0.2331197
2023-03-22,378.36029052734375,1,0,0.07354737
2023-03-23,379.3830871582031,1,0,0.09121056
2023-03-24,381.8726806640625,1,0,0.18643987
2023-03-27,382.586669921875,0,1,0.6780328
2023-03-28,381.7279052734375,1,1,0.8432796
2023-03-29,387.2762756347656,1,1,0.7382292
2023-03-30,389.5439147949219,1,1,0.74750054
2023-03-31,395.0343322753906,1,0,0.32867616
2023-04-03,396.5396423339844,0,0,0.3928665
2023-04-04,394.339599609375,0,0,0.5648677
2023-04-05,393.3070983886719,1,1,0.7907909
2023-04-06,394.8413391113281,1,1,0.69671255
2023-04-10,395.24658203125,1,0,0.5768677
2023-04-11,395.3527526855469,0,1,0.6817007
2023-04-12,393.7413635253906,1,1,0.7524734
2023-04-13,398.97125244140625,0,1,0.6754172
2023-04-14,397.9966735839844,1,1,0.70832443
2023-04-17,399.4247741699219,1,0,0.44384405
2023-04-18,399.6853332519531,0,0,0.5155389
2023-04-19,399.6177673339844,0,1,0.69517064
2023-04-20,397.43707275390625,1,0,0.547413
2023-04-21,397.745849609375,1,0,0.4662084
2023-04-24,398.1607666015625,0,1,0.6297697
2023-04-25,391.84039306640625,0,0,0.4726558
2023-04-26,390.1806640625,1,1,0.7546121
2023-04-27,397.94842529296875,1,1,0.6218245
2023-04-28,401.34503173828125,0,1,0.71195364
2023-05-01,400.9397888183594,0,0,0.48362172
2023-05-02,396.4335021972656,0,0,0.33906928
2023-05-03,393.7124328613281,0,0,0.59353405
2023-05-04,390.9237365722656,1,1,0.65379184
2023-05-05,398.1607666015625,1,0,0.37972713
2023-05-08,398.2668762207031,0,1,0.6299783
2023-05-09,396.5203552246094,1,0,0.57812643
2023-05-10,398.37298583984375,0,0,0.27764097
2023-05-11,397.67828369140625,0,0,0.40380242
2023-05-12,397.1571960449219,1,0,0.38709503
2023-05-15,398.5274353027344,0,0,0.501354
2023-05-16,395.8641662597656,1,1,0.6709861
2023-05-17,400.6695861816406,1,0,0.48363563
2023-05-18,404.5292663574219,0,0,0.49214947
2023-05-19,403.940673828125,1,1,0.6068582
2023-05-22,404.104736328125,0,0,0.5818579
2023-05-23,399.5695495605469,0,0,0.32784846
2023-05-24,396.67474365234375,1,1,0.6001622
2023-05-25,400.10986328125,1,1,0.6578114
2023-05-26,405.2915954589844,1,0,0.45651147
2023-05-30,405.44598388671875,0,0,0.48197007
2023-05-31,403.1976623535156,1,0,0.48801655
2023-06-01,407.0285339355469,1,1,0.7642948
2023-06-02,412.91461181640625,0,1,0.6591013
2023-06-05,412.1233215332031,1,0,0.47500688
2023-06-06,413.0207214355469,0,0,0.3648476
2023-06-07,411.59259033203125,1,0,0.55780685
2023-06-08,414.0821533203125,1,1,0.6043568
2023-06-09,414.8251037597656,1,0,0.42456186
2023-06-12,418.5883483886719,1,0,0.40639615
2023-06-13,421.34814453125,1,0,0.53135073
2023-06-14,421.849853515625,1,0,0.25995818
2023-06-15,427.0798034667969,0,0,0.44883877
2023-06-16,425.62506103515625,0,0,0.44056866
2023-06-20,423.4168701171875,0,0,0.46495622
2023-06-21,421.24737548828125,1,1,0.8297585
2023-06-22,422.7679748535156,0,0,0.21843214
2023-06-23,419.57183837890625,0,1,0.7704201
2023-06-26,417.8575744628906,1,1,0.85136956
2023-06-27,422.43865966796875,1,1,0.8673394
2023-06-28,422.6517333984375,1,1,0.6898788
2023-06-29,424.31756591796875,1,0,0.4906638
2023-06-30,429.3247985839844,1,0,0.17342444
2023-07-03,429.81878662109375,0,0,0.25396463
2023-07-05,429.1795959472656,0,0,0.26317564
2023-07-06,425.8188171386719,0,1,0.6054802
2023-07-07,424.7436828613281,1,1,0.740413
2023-07-10,425.8188171386719,1,1,0.8247613
2023-07-11,428.53070068359375,1,1,0.77491975
2023-07-12,431.97857666015625,1,0,0.30954987
2023-07-13,435.4070739746094,0,0,0.18906337
2023-07-14,435.1359558105469,1,0,0.1970494
2023-07-17,436.6467590332031,1,0,0.2150195
2023-07-18,439.891357421875,1,0,0.2357079
2023-07-19,440.86956787109375,0,0,0.15744698
2023-07-20,437.9446105957031,0,0,0.23894256
2023-07-21,437.9446105957031,1,0,0.2603982
2023-07-24,439.90106201171875,1,0,0.16381052
2023-07-25,441.1020202636719,1,0,0.16170977
2023-07-26,441.1697998046875,0,0,0.461292
2023-07-27,438.244873046875,1,1,0.7985779
2023-07-28,442.5354309082031,1,0,0.30099067
2023-07-31,443.3780517578125,0,0,0.17212892
2023-08-01,442.1092834472656,0,1,0.6369973
2023-08-02,435.9591979980469,0,0,0.25531647
2023-08-03,434.7097473144531,0,0,0.45701525
2023-08-04,432.7436828613281,1,0,0.4194692
2023-08-07,436.52093505859375,0,0,0.35840407
2023-08-08,434.62261962890625,0,0,0.29912975
2023-08-09,431.7170715332031,1,1,0.6445542
2023-08-10,431.87200927734375,0,0,0.47516593
2023-08-11,431.62017822265625,1,0,0.5369326
2023-08-14,434.0028076171875,0,0,0.51750785
2023-08-15,428.9470520019531,0,1,0.75458276
2023-08-16,425.7994689941406,0,1,0.856066
2023-08-17,422.5549011230469,1,1,0.8435637
2023-08-18,422.75830078125,1,1,0.8568432
2023-08-21,425.5087890625,0,0,0.46895984
2023-08-22,424.3563232421875,1,0,0.5175381
2023-08-23,429.08270263671875,0,0,0.5119013
2023-08-24,423.1360168457031,1,1,0.71754616
2023-08-25,426.1189880371094,1,0,0.49349427
2023-08-28,428.8211975097656,1,0,0.39480746
2023-08-29,435.0196838378906,1,1,0.72940874
2023-08-30,436.8115234375,0,1,0.7278001
2023-08-31,436.1722412109375,1,0,0.54108816
2023-09-01,436.9858093261719,0,0,0.4274863
2023-09-05,435.09716796875,0,1,0.747005
2023-09-06,432.1722717285156,0,1,0.83105075
2023-09-07,430.8454284667969,1,1,0.74906135
2023-09-08,431.4942626953125,1,1,0.7368074
2023-09-11,434.3320617675781,0,1,0.7969931
2023-09-12,431.9494934082031,1,1,0.76746607
2023-09-13,432.453125,1,0,0.5276756
2023-09-14,436.1819152832031,0,1,0.78025246
2023-09-15,430.9267272949219,1,0,0.47746226
2023-09-18,431.1794128417969,0,0,0.55931795
2023-09-19,430.2851867675781,0,0,0.5654829
2023-09-20,426.3294677734375,0,0,0.48654586
2023-09-21,419.2828674316406,0,0,0.42538735
2023-09-22,418.34014892578125,1,1,0.6864273
2023-09-25,420.0993347167969,0,1,0.75701
2023-09-26,413.9275207519531,1,1,0.76196486
2023-09-27,414.0927734375,1,1,0.8398657
2023-09-28,416.4934387207031,0,1,0.6424885
2023-09-29,415.4826354980469,0,1,0.613203
2023-10-02,415.3174133300781,0,0,0.53521436
2023-10-03,409.7579650878906,1,0,0.54740053
2023-10-04,412.7417907714844,0,1,0.6320864
2023-10-05,412.5862731933594,1,0,0.46797368
2023-10-06,417.4848327636719,1,0,0.5126218
2023-10-09,420.1576232910156,1,0,0.49903905
2023-10-10,422.344482421875,1,0,0.3733573
2023-10-11,424.0745849609375,0,0,0.40986922
2023-10-12,421.48919677734375,0,0,0.38962466
2023-10-13,419.3898010253906,1,1,0.7382689
2023-10-16,423.8023681640625,0,0,0.5438585
2023-10-17,423.7829284667969,0,1,0.610785
2023-10-18,418.135986328125,0,1,0.62772155
2023-10-19,414.4621276855469,0,0,0.56905466
2023-10-20,409.3692321777344,0,0,0.13157052
2023-10-23,408.65966796875,1,1,0.7469974
2023-10-24,411.74066162109375,0,1,0.60446215
2023-10-25,405.8313293457031,0,0,0.5386706
2023-10-26,400.97161865234375,0,1,0.6412212
2023-10-27,399.1541748046875,1,0,0.5871855
2023-10-30,403.9263000488281,1,0,0.5833719
2023-10-31,406.4630432128906,1,0,0.442614
2023-11-01,410.7979431152344,1,0,0.34553778
2023-11-02,418.6706237792969,1,0,0.33267173
2023-11-03,422.49029541015625,1,0,0.44313464
2023-11-06,423.4622802734375,1,0,0.35072154
2023-11-07,424.66741943359375,1,0,0.5130781
2023-11-08,424.9783935546875,0,0,0.47259572
2023-11-09,421.6641540527344,1,0,0.51988417
2023-11-10,428.2441101074219,0,0,0.37438667
2023-11-13,427.8359069824219,1,0,0.5941927
2023-11-14,436.13623046875,1,1,0.7088559
2023-11-15,437.0596008300781,1,0,0.46457142
2023-11-16,437.59417724609375,1,0,0.49762064
2023-11-17,438.138427734375,1,0,0.44532123
2023-11-20,441.51104736328125,0,0,0.47179726
2023-11-21,440.5487976074219,1,0,0.49825054
2023-11-22,442.2497253417969,1,0,0.24853007
2023-11-24,442.5218200683594,0,0,0.43701902
2023-11-27,441.724853515625,1,0,0.5958376
2023-11-28,442.1622314453125,0,0,0.22433661
2023-11-29,441.8511657714844,1,0,0.26133648
2023-11-30,443.5909423828125,1,0,0.13903965
2023-12-01,446.2152099609375,0,0,0.22811572
2023-12-04,443.8728332519531,0,0,0.3297314
2023-12-05,443.78533935546875,0,0,0.24955192
2023-12-06,441.9970703125,1,1,0.82000786
2023-12-07,445.3695983886719,1,0,0.2860971
2023-12-08,447.2843017578125,1,0,0.19674352
2023-12-11,449.0240783691406,1,0,0.21871449
2023-12-12,451.07489013671875,1,0,0.14936252
2023-12-13,457.2952575683594,1,0,0.37762633
2023-12-14,458.7629089355469,0,0,0.22489803
2023-12-15,458.00750732421875,1,0,0.42578197
2023-12-18,460.5838623046875,1,0,0.24122952
2023-12-19,463.3846130371094,0,0,0.41554546
2023-12-20,456.9634094238281,1,0,0.27316442
2023-12-21,461.2962951660156,1,0,0.3288178
2023-12-22,462.2232971191406,1,0,0.22736105
2023-12-26,464.17510986328125,1,0,0.44690058
2023-12-27,465.0143127441406,1,0,0.28011328
2023-12-28,465.1899719238281,0,0,0.26570764
2023-12-29,463.8432312011719,0,0,0.38724315
2024-01-02,461.2474670410156,0,0,0.43666586
2024-01-03,457.4805603027344,0,1,0.7380435
2024-01-04,456.0069580078125,1,1,0.6333208
2024-01-05,456.631591796875,1,0,0.57826823
2024-01-08,463.1504821777344,0,0,0.46912196
2024-01-09,462.44781494140625,1,1,0.72518665
2024-01-10,465.0631408691406,0,0,0.39544708
2024-01-11,464.85821533203125,1,0,0.54131705
2024-01-12,465.1802062988281,0,0,0.51053035
2024-01-16,463.4724426269531,0,0,0.5053276
2024-01-17,460.8961181640625,1,0,0.34047842
2024-01-18,464.99481201171875,1,0,0.25707206
2024-01-19,470.7915344238281,1,0,0.3265199
2024-01-22,471.78692626953125,1,0,0.35052526
2024-01-23,473.16290283203125,1,0,0.29043055
2024-01-24,473.68011474609375,1,0,0.35575694
2024-01-25,476.2564392089844,0,0,0.21344289
2024-01-26,475.6513977050781,1,0,0.5960573
2024-01-29,479.4182434082031,0,0,0.34022787
2024-01-30,479.04742431640625,0,0,0.39354047
2024-01-31,471.23065185546875,1,0,0.5041991
2024-02-01,477.39813232421875,1,0,0.5579378
2024-02-02,482.4239501953125,0,0,0.22852214
2024-02-05,480.6673889160156,1,1,0.614399
2024-02-06,482.0628967285156,1,0,0.3970536
2024-02-07,486.08349609375,1,0,0.2287825
2024-02-08,486.2981872558594,1,0,0.34317487
2024-02-09,489.10870361328125,0,0,0.21913819
2024-02-12,488.89404296875,0,0,0.2808482
2024-02-13,482.1604919433594,1,1,0.6093228
2024-02-14,486.5421447753906,1,0,0.58122665
2024-02-15,489.899169921875,0,0,0.11021276
2024-02-16,487.4594421386719,0,1,0.80363166
2024-02-20,484.77581787109375,1,1,0.76945686
2024-02-21,485.2149353027344,1,0,0.58939636
2024-02-22,495.2567443847656,1,0,0.18012129
2024-02-23,495.5982360839844,0,0,0.18352123
2024-02-26,493.7831115722656,1,1,0.8037988
2024-02-27,494.700439453125,0,0,0.4641829
2024-02-28,494.0466003417969,1,1,0.6092721
2024-02-29,495.8227233886719,1,0,0.47972986
2024-03-01,500.4776306152344,0,0,0.1793962
2024-03-04,499.94091796875,0,0,0.3363478
2024-03-05,494.94439697265625,1,0,0.54809976
2024-03-06,497.4524230957031,1,0,0.5340255
2024-03-07,502.3903503417969,0,0,0.17455754
2024-03-08,499.37493896484375,0,1,0.77359563
2024-03-11,498.9455261230469,1,1,0.61336243
2024-03-12,504.3128356933594,0,0,0.36976522
2024-03-13,503.5223388671875,0,0,0.5157294
2024-03-14,502.5269470214844,0,1,0.7363366
2024-03-15,499.07635498046875,1,1,0.76414806
2024-03-18,502.0423889160156,1,1,0.64494175
2024-03-19,504.8323669433594,1,1,0.85558474
2024-03-20,509.501708984375,1,0,0.38933876
2024-03-21,511.1855163574219,0,0,0.4062709
2024-03-22,510.2164001464844,0,1,0.6594895
2024-03-25,508.8067321777344,0,1,0.77884233
2024-03-26,507.86688232421875,1,1,0.7879012
2024-03-27,512.1349487304688,0,1,0.8281573
2024-03-28,512.0371704101562,0,1,0.76719177
2024-04-01,511.1463317871094,0,1,0.75850934
2024-04-02,507.8963317871094,1,1,0.7555193
2024-04-03,508.45428466796875,0,1,0.8311296
2024-04-04,502.24798583984375,1,0,0.44685096
2024-04-05,507.4949951171875,1,0,0.33234414
2024-04-08,507.7788391113281,1,0,0.29497805
2024-04-09,508.36614990234375,0,0,0.47743592
2024-04-10,503.2758483886719,1,0,0.4280233
2024-04-11,507.0740051269531,0,0,0.27229533
2024-04-12,500.0747985839844,0,0,0.4618602
2024-04-15,493.80987548828125,0,1,0.63200235
2024-04-16,492.90924072265625,0,1,0.7688822
2024-04-17,489.9920959472656,0,1,0.72203803
2024-04-18,488.9837646484375,0,1,0.75793934
2024-04-19,484.71575927734375,1,1,0.81639856
2024-04-22,489.1795654296875,1,0,0.38026255
2024-04-23,494.9845275878906,0,0,0.5113094
2024-04-24,494.7496032714844,0,1,0.62101597
2024-04-25,492.87005615234375,1,1,0.6200857
2024-04-26,497.5394592285156,1,0,0.55526805
2024-04-29,499.3014831542969,0,0,0.46151677
2024-04-30,491.39190673828125,0,1,0.64287907
2024-05-01,489.7962951660156,1,1,0.69971114
2024-05-02,494.3775634765625,1,1,0.6790817
2024-05-03,500.50555419921875,1,0,0.59598124
2024-05-06,505.6741943359375,1,1,0.771417
2024-05-07,506.232177734375,1,1,0.6093333
2024-05-08,506.28106689453125,1,0,0.33333373
2024-05-09,509.1981506347656,1,0,0.45468116
2024-05-10,509.8541259765625,1,0,0.38566285
2024-05-13,509.92266845703125,1,1,0.7336987
2024-05-14,512.26220703125,1,1,0.761356
2024-05-15,518.6055297851562,0,1,0.86791605
2024-05-16,517.53857421875,1,1,0.68499
2024-05-17,518.2825317382812,1,1,0.862175
2024-05-20,518.8796997070312,1,1,0.7330157
2024-05-21,520.1521606445312,0,1,0.7205314
2024-05-22,518.654541015625,0,1,0.8196327
2024-05-23,514.8661499023438,1,1,0.8427093
2024-05-24,518.272705078125,1,1,0.78142804
2024-05-28,518.6349487304688,0,1,0.8074882
2024-05-29,515.003173828125,0,1,0.8538846
2024-05-30,511.58673095703125,1,0,0.35028633
2024-05-31,516.246337890625,1,1,0.7818466
2024-06-03,516.667236328125,1,0,0.4874573
2024-06-04,517.2448120117188,1,0,0.5478257
2024-06-05,523.3924560546875,0,0,0.46420595
2024-06-06,523.382568359375,0,0,0.3054268
2024-06-07,522.746337890625,1,1,0.62658095
2024-06-10,524.3613891601562,1,0,0.3822999
2024-06-11,525.6243286132812,1,0,0.45384148
2024-06-12,529.9412841796875,1,1,0.61561966
2024-06-13,531.0083618164062,1,0,0.5547801
2024-06-14,531.3314208984375,1,0,0.5739329
2024-06-17,535.5601196289062,1,0,0.40892333
2024-06-18,536.9208984375,0,0,0.26197708
2024-06-20,535.4622802734375,0,0,0.37920117
2024-06-21,534.7444458007812,0,0,0.4698719
2024-06-24,533.0061645507812,1,1,0.80317247
2024-06-25,535.0587158203125,1,0,0.5761571
2024-06-26,535.7265014648438,1,1,0.6725444
2024-06-27,536.5711059570312,0,1,0.7951555
2024-06-28,534.4596557617188,1,1,0.8503554
2024-07-01,535.5595092773438,1,1,0.77053314
2024-07-02,539.1637573242188,1,1,0.8312911
2024-07-03,541.5698852539062,1,1,0.8354535
2024-07-05,544.6927490234375,1,1,0.66612434
2024-07-08,545.3212890625,1,0,0.38639498
2024-07-09,545.8516235351562,1,0,0.37974402
2024-07-10,551.2529907226562,0,0,0.15940003
2024-07-11,546.499755859375,1,1,0.65027255
2024-07-12,549.9468383789062,1,0,0.51930165
2024-07-15,551.459228515625,1,0,0.46150863
2024-07-16,554.7294311523438,0,0,0.56992865
2024-07-17,546.9515380859375,0,1,0.7357963
2024-07-18,542.748291015625,0,0,0.49423382
2024-07-19,539.1441040039062,1,0,0.35205066
2024-07-22,544.70263671875,0,1,0.7754793
2024-07-23,543.8482055664062,0,1,0.6078783
2024-07-24,531.5232543945312,0,0,0.5392479
2024-07-25,528.7537841796875,1,1,0.7457528
2024-07-26,534.67578125,1,0,0.56876504
2024-07-29,534.9899291992188,0,0,0.28501588
2024-07-30,532.279541015625,1,0,0.40872994
2024-07-31,540.9315185546875,0,0,0.32143205
2024-08-01,533.2713623046875,0,1,0.65799475
2024-08-02,523.3427124023438,0,1,0.75274056
2024-08-05,508.1010437011719,1,1,0.63555706
2024-08-06,512.7855224609375,0,0,0.4482249
2024-08-07,509.3580322265625,1,1,0.65446454
2024-08-08,521.133056640625,1,0,0.21406199
2024-08-09,523.4310913085938,1,0,0.5482478
2024-08-12,523.7061157226562,1,0,0.44512808
2024-08-13,532.3187866210938,1,0,0.43634364
2024-08-14,533.9981079101562,1,0,0.31989455
2024-08-15,543.1509399414062,1,0,0.58659625
2024-08-16,544.3685913085938,1,1,0.73936415
2024-08-19,549.5736694335938,0,0,0.56924206
2024-08-20,548.679931640625,1,0,0.5268673
2024-08-21,550.5654907226562,0,0,0.40457106
2024-08-22,546.244384765625,1,1,0.6820687
2024-08-23,552.04833984375,0,0,0.47013307
2024-08-26,550.7324829101562,1,1,0.71963596
2024-08-27,551.4886474609375,0,1,0.7399044
2024-08-28,548.287109375,1,1,0.86511505
2024-08-29,548.336181640625,1,1,0.80719143
2024-08-30,553.570556640625,0,1,0.7189967
2024-09-03,542.1787109375,0,0,0.14840181
2024-09-04,541.0689697265625,0,0,0.3717246
2024-09-05,539.7529907226562,0,0,0.2956428
2024-09-06,530.6689453125,1,0,0.41422546
2024-09-09,536.6102905273438,1,0,0.43152723
2024-09-10,538.9476928710938,1,0,0.25598434
2024-09-11,544.4766845703125,1,0,0.28170756
2024-09-12,549.0630493164062,1,1,0.63834625
2024-09-13,551.9306030273438,1,0,0.4874683
2024-09-16,552.7456665039062,1,0,0.24659641
2024-09-17,552.9716186523438,0,0,0.3600269
2024-09-18,551.33154296875,1,0,0.50831175
2024-09-19,560.7396850585938,0,1,0.7360309
2024-09-20,559.7704467773438,1,1,0.67641956
2024-09-23,561.169189453125,1,1,0.75800663
2024-09-24,562.77490234375,0,0,0.5692315
2024-09-25,561.53369140625,1,1,0.60514647
2024-09-26,563.760009765625,0,0,0.57963675
2024-09-27,562.9422607421875,1,1,0.6818762
2024-09-30,565.1981201171875,0,1,0.6538653
2024-10-01,560.1348266601562,1,0,0.575211
2024-10-02,560.3712768554688,0,1,0.87769836
2024-10-03,559.3468627929688,1,1,0.8086124
2024-10-04,564.4297485351562,0,1,0.62977123
2024-10-07,559.3271484375,1,0,0.57482606
2024-10-08,564.616943359375,1,1,0.7057339
2024-10-09,568.5277099609375,0,1,0.7306606
2024-10-10,567.5328369140625,1,0,0.5887134
2024-10-11,570.9313354492188,1,0,0.5924592
2024-10-14,575.6005859375,0,0,0.2753931
2024-10-15,571.1282958984375,1,1,0.63175535
2024-10-16,573.6107788085938,1,1,0.77203906
2024-10-17,573.659912109375,1,1,0.6584689
2024-10-18,575.8665771484375,0,1,0.6951685
2024-10-21,574.9208374023438,0,1,0.81399274
2024-10-22,574.6155395507812,0,1,0.7185783
2024-10-23,569.3650512695312,1,0,0.54750586
2024-10-24,570.596435546875,0,1,0.80088705
2024-10-25,570.3994140625,1,1,0.801371
2024-10-28,572.1627197265625,1,0,0.4839422
2024-10-29,573.088623046875,0,1,0.6145975
2024-10-30,571.3549194335938,0,0,0.394587
2024-10-31,560.1546020507812,1,0,0.47975728
2024-11-01,562.5187377929688,0,0,0.56226766
2024-11-04,561.3070678710938,1,0,0.48218066
2024-11-05,568.0942993164062,1,0,0.4278038
2024-11-06,582.2203979492188,1,1,0.6496373
2024-11-07,586.7221069335938,1,0,0.59510964
2024-11-08,589.263671875,1,0,0.47698846
2024-11-11,589.8250122070312,0,0,0.4249989
2024-11-12,587.9928588867188,1,0,0.54457086
2024-11-13,588.2785034179688,0,1,0.79657805
2024-11-14,584.4959106445312,0,1,0.68361574
2024-11-15,577.00927734375,1,0,0.5564564
2024-11-18,579.3734741210938,1,1,0.62958217
2024-11-19,581.4913330078125,1,1,0.6849313
2024-11-20,581.6882934570312,1,0,0.59279007
2024-11-21,584.81103515625,1,0,0.51643944
2024-11-22,586.6235961914062,1,0,0.2505057
2024-11-25,588.613525390625,1,0,0.3885514
2024-11-26,591.6868896484375,0,0,0.45026955
2024-11-27,589.89404296875,1,0,0.55182344
2024-11-29,593.5585327148438,1,0,0.4626072
2024-12-02,594.6224975585938,1,1,0.6340875
2024-12-03,594.8982543945312,1,0,0.5815516
2024-12-04,598.5923461914062,0,1,0.81381714
2024-12-05,597.607177734375,1,1,0.7128907
2024-12-06,598.7401123046875,0,1,0.66505706
2024-12-09,595.65673828125,0,1,0.6618496
2024-12-10,593.8048095703125,1,0,0.5294368
2024-12-11,598.3953247070312,0,1,0.7863718
2024-12-12,595.31201171875,0,0,0.5365182
2024-12-13,595.1937866210938,1,0,0.35404465
2024-12-16,597.7352294921875,0,0,0.523612
2024-12-17,595.2725830078125,0,0,0.33472252
2024-12-18,577.5313720703125,0,0,0.46521232
2024-12-19,577.35400390625,1,1,0.68590474
2024-12-20,584.2886352539062,1,0,0.5106843
2024-12-23,587.7875366210938,1,1,0.6081757
2024-12-24,594.32080078125,1,1,0.6271477
2024-12-26,594.3604125976562,0,0,0.3658721
2024-12-27,588.1038208007812,0,0,0.35673252
2024-12-30,581.3926391601562,0,0,0.43138131
2024-12-31,579.2774047851562,0,1,0.7706232
2025-01-02,577.8541870117188,1,1,0.6287299
2025-01-03,585.079345703125,1,1,0.63955235
2025-01-06,588.44970703125,0,0,0.5067535
2025-01-07,581.7977905273438,1,1,0.77906996
2025-01-08,582.6478271484375,0,0,0.47510663
2025-01-10,573.7523193359375,1,0,0.587632
2025-01-13,574.6419067382812,1,0,0.42591816
2025-01-14,575.4325561523438,1,0,0.5047096
2025-01-15,585.8997192382812,0,0,0.5004185
2025-01-16,584.77294921875,1,1,0.7026469
2025-01-17,590.64404296875,1,1,0.7150202
2025-01-21,596.0504760742188,1,1,0.6708431
2025-01-22,599.4011840820312,1,1,0.8098787
2025-01-23,602.6727294921875,0,1,0.7328985
2025-01-24,600.913330078125,0,0,0.58927226
2025-01-27,592.4132080078125,1,0,0.5409091
2025-01-28,597.50341796875,0,1,0.6593244
2025-01-29,594.8248901367188,1,1,0.7221798
2025-01-30,598.0173950195312,0,0,0.50400233
2025-01-31,594.8347778320312,0,1,0.7486209
2025-02-03,590.831787109375,1,1,0.7138189
2025-02-04,594.7952880859375,1,0,0.49992263
2025-02-05,597.2069091796875,1,0,0.3427056
2025-02-06,599.2825317382812,0,0,0.3763779
2025-02-07,593.7969360351562,1,0,0.3085886
2025-02-10,597.8296508789062,1,0,0.55889255
2025-02-11,598.2843017578125,0,0,0.5481112
2025-02-12,596.3568725585938,1,1,0.6628267
2025-02-13,602.6529541015625,0,0,0.4888439
2025-02-14,602.623291015625,1,0,0.47311804
2025-02-18,604.3925170898438,1,0,0.51879954
2025-02-19,605.8158569335938,0,0,0.35347387
2025-02-20,603.29541015625,0,0,0.4008548
2025-02-21,592.9765625,0,0,0.4989959
2025-02-24,590.2782592773438,0,1,0.7631096
2025-02-25,587.3427734375,1,1,0.81857145
2025-02-26,587.6392211914062,0,0,0.51204306
2025-02-27,578.2593994140625,1,0,0.5143639
2025-02-28,587.283447265625,0,0,0.49549386
2025-03-03,576.9942626953125,0,0,0.54085654
2025-03-04,570.1644287109375,1,1,0.6913969
2025-03-05,576.29248046875,0,1,0.73941606
2025-03-06,566.0626220703125,1,0,0.4901332
2025-03-07,569.2353515625,0,0,0.5465421
2025-03-10,554.0734252929688,0,0,0.454774
2025-03-11,549.4674682617188,1,0,0.47126833
2025-03-12,552.3832397460938,0,0,0.5145389
2025-03-13,545.019775390625,1,0,0.5559403
2025-03-14,556.2775268554688,1,0,0.47635284
2025-03-17,560.5671997070312,0,0,0.49007782
2025-03-18,554.50830078125,1,1,0.65505576
2025-03-19,560.54736328125,0,0,0.29970807
2025-03-20,558.9264526367188,1,0,0.3820547
2025-03-21,559.11083984375,1,0,0.46307454
2025-03-24,569.1235961914062,1,0,0.43691894
2025-03-25,570.4917602539062,0,1,0.63192844
2025-03-26,563.6810913085938,0,0,0.5193025
2025-03-27,562.1840209960938,0,1,0.8468224
2025-03-28,550.8626708984375,1,0,0.15193444
2025-03-31,554.5604858398438,1,0,0.5195099
2025-04-01,556.1268310546875,1,0,0.59642154
2025-04-02,559.6461791992188,0,1,0.85934263
2025-04-03,532.06640625,0,0,0.4401237
2025-04-04,500.9176330566406,0,1,0.64740944
2025-04-07,500.025390625,0,1,0.7875157
2025-04-08,492.193603515625,1,1,0.6418026
2025-04-09,543.8834838867188,0,0,0.48424914
2025-04-10,520.051025390625,1,0,0.5902856
2025-04-11,529.3302612304688,1,0,0.57032657
2025-04-14,534.4654541015625,0,0,0.31988227
2025-04-15,532.9684448242188,0,0,0.36675996
2025-04-16,521.1216430664062,1,0,0.3369141
2025-04-17,521.8651733398438,0,0,0.4867846
2025-04-21,509.443359375,1,0,0.34821102
2025-04-22,522.697998046875,1,0,0.5092076
2025-04-23,530.79736328125,1,1,0.67282486
2025-04-24,541.9700927734375,1,0,0.46196836
2025-04-25,545.8860473632812,1,0,0.5491259
2025-04-28,546.09423828125,1,0,0.43512863
2025-04-29,549.5342407226562,1,0,0.34199443
2025-04-30,549.7523193359375,1,0,0.16500421
2025-05-01,553.6484375,1,0,0.5708558
2025-05-02,561.8668823242188,0,1,0.62072647
2025-05-05,558.6448974609375,0,0,0.48724744
2025-05-06,553.9755859375,1,0,0.5227235
2025-05-07,556.3052978515625,1,0,0.4098779
2025-05-08,560.1815185546875,0,0,0.275193
2025-05-09,559.4677734375,1,0,0.58786505
2025-05-12,577.9567260742188,1,0,0.086277455
2025-05-13,581.7734375,1,0,0.1434081
2025-05-14,582.5169677734375,1,0,0.1654634
2025-05-15,585.3622436523438,1,0,0.16600782
2025-05-16,589.0699462890625,1,0,0.34863222
2025-05-19,589.71435546875,0,0,0.2375925
2025-05-20,587.7315673828125,0,0,0.25470367
2025-05-21,577.8278198242188,1,0,0.35195357
2025-05-22,578.0558471679688,0,0,0.23393545
2025-05-23,574.1102294921875,1,1,0.6759981
2025-05-27,586.0462646484375,0,0,0.109377116
2025-05-28,582.65576171875,1,0,0.14635246
2025-05-29,584.9557495117188,0,0,0.20631833
2025-05-30,584.301513671875,1,0,0.2067822
2025-06-02,587.5928955078125,1,0,0.24874121
2025-06-03,590.943603515625,0,0,0.10195043
2025-06-04,590.7850341796875,0,0,0.08863883
2025-06-05,587.9298095703125,1,0,0.15803334
2025-06-06,593.96728515625,1,0,0.17950854
2025-06-09,594.5026245117188,1,0,0.2514928
2025-06-10,597.8733520507812,0,0,0.361735
2025-06-11,596.1680908203125,1,0,0.14707705
2025-06-12,598.5374145507812,0,0,0.18622106
2025-06-13,591.8457641601562,1,0,0.21217498
2025-06-16,597.4767456054688,0,0,0.17354506
2025-06-17,592.3712158203125,0,0,0.3521522
2025-06-18,592.2819213867188,0,0,0.23850314
2025-06-20,590.8909301757812,1,0,0.5669931
2025-06-23,596.7274780273438,1,0,0.17327888
2025-06-24,603.3196411132812,1,0,0.18150479
2025-06-25,603.65771484375,1,0,0.10462394
2025-06-26,608.380615234375,1,0,0.56826186
2025-06-27,611.4032592773438,1,0,0.59917104
2025-06-30,614.3265380859375,0,1,0.7353978
2025-07-01,614.127685546875,1,0,0.540997
2025-07-02,616.9116821289062,1,0,0.49533236
2025-07-03,621.7738037109375,0,0,0.31152135
2025-07-07,617.140380859375,0,0,0.45418313
2025-07-08,616.8023681640625,1,0,0.4285311
2025-07-09,620.5010986328125,1,1,0.63543195
2025-07-10,622.2510986328125,0,1,0.6184768
2025-07-11,620.0635986328125,1,0,0.25694025
2025-07-14,621.2467651367188,0,0,0.48648632
2025-07-15,618.592041015625,1,1,0.8143641
2025-07-16,620.66015625,1,0,0.5909376
2025-07-17,624.4583740234375,0,0,0.5747698
2025-07-18,624.0010375976562,1,0,0.43955052
2025-07-21,625.1842651367188,1,1,0.63677305
2025-07-22,625.2737426757812,1,1,0.7216754
2025-07-23,630.59326171875,1,1,0.63182133
2025-07-24,630.802001953125,1,1,0.6180843
2025-07-25,633.4667358398438,0,0,0.3610511
2025-07-28,633.3076782226562,0,0,0.20489797
2025-07-29,631.63720703125,0,0,0.40532947
2025-07-30,630.841796875,0,0,0.34063515
2025-07-31,628.4754028320312,0,1,0.61397284
2025-08-01,618.1743774414062,1,0,0.5913052
2025-08-04,627.5704956054688,0,1,0.7106183
2025-08-05,624.3887329101562,1,1,0.6166965
2025-08-06,629.17138671875,0,1,0.8275669
2025-08-07,628.6443481445312,1,1,0.64185655
2025-08-08,633.5462646484375,0,0,0.50658107
2025-08-11,632.29345703125,1,0,0.43097758
2025-08-12,639.02490234375,1,1,0.6733501
2025-08-13,641.2123413085938,1,0,0.31152868
2025-08-14,641.27197265625,0,0,0.50645727
2025-08-15,639.7706298828125,0,0,0.5593151
2025-08-18,639.63134765625,0,0,0.57660526
2025-08-19,636.1612548828125,0,1,0.7063734
2025-08-20,634.470947265625,0,1,0.7277078
2025-08-21,631.925537109375,1,1,0.60084504
2025-08-22,641.6299438476562,0,0,0.46489623
2025-08-25,638.8060302734375,1,1,0.6312696
2025-08-26,641.4807739257812,1,1,0.6065183
2025-08-27,642.9423828125,1,1,0.61198974
2025-08-28,645.2192993164062,0,1,0.6039039
2025-08-29,641.3713989257812,0,1,0.72282916
2025-09-02,636.61865234375,1,1,0.6289293
2025-09-03,640.06884765625,1,1,0.69331187
2025-09-04,645.4181518554688,0,0,0.56690836
2025-09-05,643.5488891601562,1,1,0.6802257
2025-09-08,645.1298217773438,1,0,0.414221
2025-09-09,646.6212768554688,1,0,0.5452415
2025-09-10,648.4906005859375,1,1,0.6936886
2025-09-11,653.8796997070312,0,0,0.5265409
2025-09-12,653.660888671875,1,1,0.6921903
2025-09-15,657.1409301757812,0,0,0.43440512
2025-09-16,656.2361450195312,0,0,0.48654738
2025-09-17,655.4208374023438,1,0,0.29631332
2025-09-18,658.4832763671875,1,0,0.38903677
2025-09-19,661.74462890625,1,1,0.654107
2025-09-22,664.8753662109375,0,0,0.4304474
2025-09-23,661.256103515625,0,0,0.4844607
2025-09-24,659.1522216796875,0,1,0.6118511
2025-09-25,656.1112670898438,1,0,0.56227297
2025-09-26,659.8701782226562,1,1,0.7085464
2025-09-29,661.7246704101562,1,0,0.5373765
2025-09-30,664.21728515625,1,0,0.59467787
2025-10-01,666.4806518554688,1,1,0.65807474
2025-10-02,667.248291015625,0,0,0.35261333
2025-10-03,667.2384033203125,1,0,0.4040711
2025-10-06,669.6312866210938,0,0,0.5413502
2025-10-07,667.1486206054688,1,0,0.22940062
2025-10-08,671.1268920898438,0,0,0.5339041
2025-10-09,669.1826171875,0,0,0.34612957
2025-10-10,651.0960693359375,1,0,0.5517095
2025-10-13,661.0865478515625,0,0,0.55704904
2025-10-14,660.2789306640625,1,1,0.6676576
2025-10-15,663.2102661132812,0,1,0.62946594
2025-10-16,658.6936645507812,1,0,0.52131766
2025-10-17,662.4326171875,1,0,0.32125515
2025-10-20,669.3222045898438,0,0,0.32105982
2025-10-21,669.3121948242188,0,0,0.58104956
2025-10-22,665.83251953125,1,0,0.19765131
2025-10-23,669.7808837890625,1,0,0.3231323
2025-10-24,675.2546997070312,1,0,0.446305
2025-10-27,683.2211303710938,1,1,0.70954454
2025-10-28,685.0357666015625,1,1,0.7284284
2025-10-29,685.3648071289062,0,0,0.57418585
2025-10-30,677.8270874023438,1,0,0.466619
2025-10-31,680.050537109375,1,0,0.402494
2025-11-03,681.3267822265625,0,0,0.5628003
2025-11-04,673.2506103515625,1,0,0.34682977
2025-11-05,675.583740234375,0,1,0.64790887
2025-11-06,668.3351440429688,1,0,0.3392903
2025-11-07,668.9931640625,1,0,0.5408098
2025-11-10,679.432373046875,1,0,0.4455114
2025-11-11,680.9877319335938,1,0,0.50144446
2025-11-12,681.3666381835938,0,0,0.52097696
2025-11-13,670.0599975585938,0,0,0.40904185
2025-11-14,669.9503784179688,0,0,0.53982186
2025-11-17,663.7088012695312,0,0,0.5181991
2025-11-18,658.1353149414062,1,1,0.6086583
2025-11-19,660.6777954101562,0,0,0.42841598
2025-11-20,650.6075439453125,1,0,0.5380263
2025-11-21,657.08837890625,1,0,0.45389903
2025-11-24,666.759765625,1,0,0.2106435
2025-11-25,673.03125,1,0,0.48646706
2025-11-26,677.6775512695312,1,1,0.66369635
2025-11-28,681.3765869140625,0,1,0.7896971
2025-12-01,678.2658081054688,1,0,0.46866697
2025-12-02,679.5220947265625,1,0,0.44834095
2025-12-03,681.8751220703125,1,0,0.5684334
2025-12-04,682.3736572265625,1,0,0.44367906
2025-12-05,683.6697998046875,0,0,0.397583
2025-12-08,681.6159057617188,0,1,0.6326093
2025-12-09,681.027587890625,1,1,0.76930374
2025-12-10,685.5443115234375,1,0,0.3471212
2025-12-11,687.1395263671875,0,0,0.38569334
2025-12-12,679.7514038085938,0,0,0.59443825
2025-12-15,678.7244262695312,0,1,0.76091444
2025-12-16,676.8699340820312,0,0,0.5236738
2025-12-17,669.4219360351562,1,0,0.58922094
2025-12-18,674.4769287109375,1,0,0.47497168
2025-12-19,680.5900268554688,1,1,0.76805013
2025-12-22,684.8300170898438,1,1,0.7007991
2025-12-23,687.9600219726562,1,1,0.7003889
2025-12-24,690.3800048828125,0,0,0.51875824
2025-12-26,690.3099975585938,0,1,0.602994
2025-12-29,687.8499755859375,0,0,0.39583284
2025-12-30,687.010009765625,0,1,0.80283415
2025-12-31,681.9199829101562,1,1,0.62136555
2026-01-02,683.1699829101562,1,1,0.64861745
2026-01-05,687.719970703125,1,0,0.5168864
2026-01-06,691.8099975585938,0,0,0.47008276
2026-01-07,689.5800170898438,0,0,0.5489124
2026-01-08,689.510009765625,1,1,0.62529063
2026-01-09,694.0700073242188,1,0,0.40773118
2026-01-12,695.1599731445312,0,0,0.39393106
2026-01-13,693.77001953125,0,0,0.2897941
2026-01-14,690.3599853515625,1,1,0.7682365
2026-01-15,692.239990234375,0,1,0.627643
2026-01-16,691.6599731445312,0,1,0.7764643
2026-01-20,677.5800170898438,1,0,0.5967478
2026-01-21,685.4000244140625,1,0,0.5053593
2026-01-22,688.97998046875,1,0,0.5666365
2026-01-23,689.22998046875,1,0,0.52531695
2026-01-26,692.72998046875,1,0,0.46818566
2026-01-27,695.489990234375,0,0,0.48348996
2026-01-28,695.4199829101562,0,0,0.43196756
2026-01-29,694.0399780273438,0,0,0.55540854
2026-01-30,691.969970703125,1,1,0.60208064
2026-02-02,695.4099731445312,0,0,0.47342676
2026-02-03,689.530029296875,0,1,0.72596174
2026-02-04,686.1900024414062,0,1,0.65289956
2026-02-05,677.6199951171875,1,0,0.32050425
2026-02-06,690.6199951171875,1,0,0.5918256
2026-02-09,693.9500122070312,0,0,0.46831563
2026-02-10,692.1199951171875,0,0,0.3791427
2026-02-11,691.9600219726562,0,0,0.30475917
